JokeId,JokeSentences,Average Rating
1,man visit doctor doctor say bad news,0.9019966275293532
1,doctor say bad news cancer alzheimers disease,0.9019966275293532
1,news cancer alzheimers disease man reply wellthank,0.9019966275293532
1,wellthank god cancer,0.9019966275293532
2,cannibal eat clown turn say taste funny,0.1629891997618845
2,say taste funny,0.1629891997618845
3,question s difference greet queen greet president,0.1934109005616937
3,greet queen greet president united states answer,0.1934109005616937
3,president united states answer knee greet queen,0.1934109005616937
3,knee greet queen,0.1934109005616937
4,question hurricane tornado redneck divorce common answer,-1.4125989774514944
4,redneck divorce common answer someones go lose,-1.4125989774514944
4,go lose trailer,-1.4125989774514944
5,guy stand tee shoot eternity look look,0.2353523601934473
5,shoot eternity look look measure distance figure,0.2353523601934473
5,look measure distance figure wind direction speed,0.2353523601934473
5,figure wind direction speed drive partner nut,0.2353523601934473
5,speed drive partner nut finally exasperate partner,0.2353523601934473
5,nut finally exasperate partner say hell take,0.2353523601934473
5,partner say hell take long hit goddamn,0.2353523601934473
5,take long hit goddamn ball guy answer,0.2353523601934473
5,goddamn ball guy answer wife watch clubhouse,0.2353523601934473
5,answer wife watch clubhouse want perfect shot,0.2353523601934473
5,clubhouse want perfect shot hell man stand,0.2353523601934473
5,shot hell man stand snowball chance hell,0.2353523601934473
5,chance hell hit,0.2353523601934473
6,ask japanese visitor election country morning answer,1.3302770271976567
6,country morning answer,1.3302770271976567
7,father anxious marry daughter want impress date,-0.6339466764757974
7,daughter want impress date like screw say,-0.6339466764757974
7,date like screw say huh reply surprised,-0.6339466764757974
7,say huh reply surprised date daughter loves,-0.6339466764757974
7,surprised date daughter loves screw good screw,-0.6339466764757974
7,loves screw good screw carefully explain father,-0.6339466764757974
7,screw carefully explain father interested boy reply,-0.6339466764757974
7,father interested boy reply yes sir minutes,-0.6339466764757974
7,reply yes sir minutes later girl come,-0.6339466764757974
7,minutes later girl come stair kiss father,-0.6339466764757974
7,come stair kiss father goodbye couple leave,-0.6339466764757974
7,father goodbye couple leave minute reappear furious,-0.6339466764757974
7,leave minute reappear furious dress tear hair,-0.6339466764757974
7,furious dress tear hair mess scream dammit,-0.6339466764757974
7,hair mess scream dammit daddy twist straight,-0.6339466764757974
7,daddy twist straight,-0.6339466764757974
8,question blind person give matzah answer hell,-0.9962671806677472
8,answer hell write,-0.9962671806677472
9,question orange sound like parrot answer carrot,-0.620039361113822
9,parrot answer carrot,-0.620039361113822
10,bulb man screw,1.181705631225859
11,dog walk western union ask clerk send,1.728665323242027
11,union ask clerk send telegram fill form,1.728665323242027
11,send telegram fill form write telegram wish,1.728665323242027
11,form write telegram wish send bow wow,1.728665323242027
11,wish send bow wow wow bow wow,1.728665323242027
11,wow wow bow wow wow clerk say,1.728665323242027
11,wow wow clerk say add bow wow,1.728665323242027
11,say add bow wow price dog respond,1.728665323242027
11,wow price dog respond sound little silly,1.728665323242027
11,sound little silly,1.728665323242027
12,question person speak language call trilingual person,1.5043600220365438
12,language call trilingual person speak language call,1.5043600220365438
12,person speak language call bilingual person speak,1.5043600220365438
12,call bilingual person speak language answer american,1.5043600220365438
12,language answer american,1.5043600220365438
13,couple excellent relationship go day come home,-1.944858660854165
13,go day come home work find girlfriend,-1.944858660854165
13,home work find girlfriend packing ask leave,-1.944858660854165
13,girlfriend packing ask leave tell hear awful,-1.944858660854165
13,leave tell hear awful thing possibly say,-1.944858660854165
13,awful thing possibly say tell pedophile reply,-1.944858660854165
13,say tell pedophile reply awfully big word,-1.944858660854165
13,word year old,-1.944858660854165
14,difference macintosh etchasketch shake mac clear screen,1.3202849723228318
14,mac clear screen,1.3202849723228318
15,difference tire 365 condom ones goodyear great,-2.112506062174754
15,goodyear great year,-2.112506062174754
16,duck walk pharmacy ask condom pharmacist say,-3.103138326135234
16,ask condom pharmacist say like stick bill,-3.103138326135234
16,say like stick bill duck say kind,-3.103138326135234
16,kind duck think,-3.103138326135234
17,question australian word boomerang come answer stick,-1.2881012899622684
17,come answer stick,-1.2881012899622684
18,lawnmower shred tweet,-0.9061631518718326
19,kindergarten girl talk outside say believe see,0.1715598179985287
19,outside say believe see patio yesterdaya condom,0.1715598179985287
19,see patio yesterdaya condom second girl ask,0.1715598179985287
19,girl ask patio,0.1715598179985287
20,guy walk bar sit extremely gorgeous woman,-1.2032695818008448
20,sit extremely gorgeous woman thing notice pant,-1.2032695818008448
20,woman thing notice pant skintight highwaiste obvious,-1.2032695818008448
20,pant skintight highwaiste obvious mechanism zipper button,-1.2032695818008448
20,obvious mechanism zipper button velcro open minute,-1.2032695818008448
20,button velcro open minute puzzle get pant,-1.2032695818008448
20,minute puzzle get pant hip finally work,-1.2032695818008448
20,pant hip finally work nerve ask excuse,-1.2032695818008448
20,work nerve ask excuse miss pant reply,-1.2032695818008448
20,excuse miss pant reply start buy drink,-1.2032695818008448
20,start buy drink,-1.2032695818008448
21,clinton return vacation arkansas walk step air,2.106803971857346
21,arkansas walk step air force pig arm,2.106803971857346
21,air force pig arm step say honor,2.106803971857346
21,arm step say honor guardsman genuine arkansas,2.106803971857346
21,honor guardsman genuine arkansas razorback hogs get,2.106803971857346
21,arkansas razorback hogs get chelsea hillary guardsman,2.106803971857346
21,get chelsea hillary guardsman reply nice trade,2.106803971857346
21,nice trade sir,2.106803971857346
22,mechanical electrical software engineer microsoft drive desert,0.8813262231574921
22,engineer microsoft drive desert car break mechanical,0.8813262231574921
22,desert car break mechanical engineer say problem,0.8813262231574921
22,mechanical engineer say problem fuel injection system,0.8813262231574921
22,problem fuel injection system pop hood look,0.8813262231574921
22,system pop hood look electrical engineer reply,0.8813262231574921
22,look electrical engineer reply think loose ground,0.8813262231574921
22,reply think loose ground wire look microsoft,0.8813262231574921
22,ground wire look microsoft engineer jump close,0.8813262231574921
22,microsoft engineer jump close window wait minute,0.8813262231574921
22,close window wait minute reopen window work,0.8813262231574921
22,window work fine,0.8813262231574921
23,old scotsman sit young scottish gentleman say,0.1713877235876978
23,young scottish gentleman say boy ah lad,0.1713877235876978
23,say boy ah lad look window stone,0.1713877235876978
23,lad look window stone wall build bare,0.1713877235876978
23,stone wall build bare hand place stone,0.1713877235876978
23,bare hand place stone meself macgregor wall,0.1713877235876978
23,stone meself macgregor wall builder take sip,0.1713877235876978
23,wall builder take sip beer say aye,0.1713877235876978
23,sip beer say aye look lake eye,0.1713877235876978
23,aye look lake eye beautiful pier build,0.1713877235876978
23,eye beautiful pier build meself laid board,0.1713877235876978
23,build meself laid board hammer nail macgregor,0.1713877235876978
23,board hammer nail macgregor pier builder continue,0.1713877235876978
23,macgregor pier builder continue lad road build,0.1713877235876978
23,continue lad road build bare hand laid,0.1713877235876978
23,build bare hand laid inch pavement meself,0.1713877235876978
23,laid inch pavement meself macgregor road builder,0.1713877235876978
23,meself macgregor road builder return beer sip,0.1713877235876978
23,builder return beer sip say agh screw,0.1713877235876978
23,agh screw sheep,0.1713877235876978
24,question 200 foot long 4 tooth answer,-1.7308062025479345
24,long 4 tooth answer row willie nelson,-1.7308062025479345
24,willie nelson concert,-1.7308062025479345
25,question difference lawyer plumber answer plumber work,0.4183960841511953
25,work unclog system,0.4183960841511953
26,president clinton look desk oval office aide,1.2071649526943644
26,desk oval office aide nervously approach exclaim,1.2071649526943644
26,aide nervously approach exclaim president abortion bill,1.2071649526943644
26,exclaim president abortion bill mr president want,1.2071649526943644
26,bill mr president want aide reply ahead,1.2071649526943644
26,want aide reply ahead pay respond president,1.2071649526943644
26,pay respond president,1.2071649526943644
27,man arrive gates heaven st peter ask,2.907989013260876
27,heaven st peter ask religion man say,2.907989013260876
27,ask religion man say methodist st peter,2.907989013260876
27,say methodist st peter look list say,2.907989013260876
27,peter look list say room 24 quiet,2.907989013260876
27,say room 24 quiet pass room 8,2.907989013260876
27,quiet pass room 8 man arrive gates,2.907989013260876
27,8 man arrive gates heaven religion baptist,2.907989013260876
27,gates heaven religion baptist room 18 quiet,2.907989013260876
27,baptist room 18 quiet pass room 8,2.907989013260876
27,quiet pass room 8 man arrive gate,2.907989013260876
27,8 man arrive gate religion jewish room,2.907989013260876
27,gate religion jewish room 11 quiet pass,2.907989013260876
27,room 11 quiet pass room 8 man,2.907989013260876
27,pass room 8 man say understand different,2.907989013260876
27,man say understand different room different religion,2.907989013260876
27,different room different religion quiet pass room,2.907989013260876
27,religion quiet pass room 8 st peter,2.907989013260876
27,room 8 st peter tell catholics room,2.907989013260876
27,peter tell catholics room 8 think one,2.907989013260876
27,8 think one,2.907989013260876
28,american final world cup hey beer man,1.3926599571561378
28,hey beer man,1.3926599571561378
29,backwood midwestern state little johnny arrive school,2.6195097293670315
29,little johnny arrive school hour late teacher,2.6195097293670315
29,school hour late teacher late john johny,2.6195097293670315
29,teacher late john johny big brother got,2.6195097293670315
29,johny big brother got shoot ass teacher,2.6195097293670315
29,got shoot ass teacher correct speech teacher,2.6195097293670315
29,teacher correct speech teacher rectum johnny wrecked,2.6195097293670315
29,teacher rectum johnny wrecked hell damn near,2.6195097293670315
29,damn near kill,2.6195097293670315
30,explorer deep amazon suddenly find surround bloodthirsty,-0.4743348276748237
30,suddenly find surround bloodthirsty group native surveying,-0.4743348276748237
30,bloodthirsty group native surveying situation say quietly,-0.4743348276748237
30,surveying situation say quietly oh god screw,-0.4743348276748237
30,quietly oh god screw sky darken voice,-0.4743348276748237
30,screw sky darken voice boom screw pick,-0.4743348276748237
30,voice boom screw pick stone foot bash,-0.4743348276748237
30,pick stone foot bash head chief standing,-0.4743348276748237
30,bash head chief standing stone bash life,-0.4743348276748237
30,standing stone bash life chief standing lifeless,-0.4743348276748237
30,life chief standing lifeless body breathe heavily,-0.4743348276748237
30,lifeless body breathe heavily look 100 angry,-0.4743348276748237
30,heavily look 100 angry native voice boom,-0.4743348276748237
30,boom okay screw,-0.4743348276748237
31,guy walk bar order beer say bartender,1.953046567260824
31,order beer say bartender hey get great,1.953046567260824
31,bartender hey get great polish joke barkeep,1.953046567260824
31,great polish joke barkeep glare say warn,1.953046567260824
31,barkeep glare say warn tone voice tell,1.953046567260824
31,warn tone voice tell joke well know,1.953046567260824
31,tell joke well know polish bouncer polish,1.953046567260824
31,know polish bouncer polish customer okay say,1.953046567260824
31,polish customer okay say customeri tell slowly,1.953046567260824
31,customeri tell slowly,1.953046567260824
32,jewish young man see psychiatrist eating sleep,2.974697888386124
32,see psychiatrist eating sleep disorder obsess mother,2.974697888386124
32,sleep disorder obsess mother soon sleep start,2.974697888386124
32,mother soon sleep start dream dream turn,2.974697888386124
32,start dream dream turn mother wake state,2.974697888386124
32,turn mother wake state downstair eat piece,2.974697888386124
32,state downstair eat piece toast psychiatrist reply,2.974697888386124
32,piece toast psychiatrist reply piece toast big,2.974697888386124
32,big boy like,2.974697888386124
33,order waiter ask yes prepare chicken special,-1.3863934678312215
33,yes prepare chicken special sir reply tell,-1.3863934678312215
33,special sir reply tell straight go die,-1.3863934678312215
33,straight go die,-1.3863934678312215
34,difference man woman woman want man satisfy,0.9218646247369652
34,woman want man satisfy need man want,0.9218646247369652
34,satisfy need man want woman satisfy need,0.9218646247369652
34,woman satisfy need,0.9218646247369652
35,question difference man toilet answer toilet follow,2.7756063797773094
35,toilet follow use,2.7756063797773094
36,irishman change lightbulb hold lightbulb drink room,2.9172449623552543
36,drink room spin,2.9172449623552543
37,darwin oh darwin,-1.4092875193842973
38,man discuss age old question enjoy sex,1.3486977666858642
38,old question enjoy sex man woman woman,1.3486977666858642
38,sex man woman woman walk listen awhile,1.3486977666858642
38,woman walk listen awhile interrupt listen guy,1.3486977666858642
38,awhile interrupt listen guy know ear itch,1.3486977666858642
38,guy know ear itch little finger wiggle,1.3486977666858642
38,itch little finger wiggle awhile afterward feel,1.3486977666858642
38,wiggle awhile afterward feel well finger ear,1.3486977666858642
38,well finger ear,1.3486977666858642
39,arnold swartzeneger sylvester stallone make movie live,1.1006554685526646
39,stallone make movie live great composer stallone,1.1006554685526646
39,live great composer stallone say want mozart,1.1006554685526646
39,stallone say want mozart swartzeneger say case,1.1006554685526646
39,say case bach,1.1006554685526646
40,horse walk bar bartender say long face,1.0336307067531276
40,say long face,1.0336307067531276
41,boy come home school tell mother get,-0.3765429180089369
41,school tell mother get school play mother,-0.3765429180089369
41,get school play mother ask play jewish,-0.3765429180089369
41,mother ask play jewish husband boy reply,-0.3765429180089369
41,jewish husband boy reply school tell teacher,-0.3765429180089369
41,reply school tell teacher want speak role,-0.3765429180089369
41,want speak role,-0.3765429180089369
42,couple marry 75 year husband 95th birthday,1.741750120187863
42,year husband 95th birthday wife decide surprise,1.741750120187863
42,birthday wife decide surprise hire prostitute day,1.741750120187863
42,surprise hire prostitute day doorbell ring husband,1.741750120187863
42,day doorbell ring husband use walker door,1.741750120187863
42,husband use walker door open 21yearold latex,1.741750120187863
42,door open 21yearold latex outfit smile say,1.741750120187863
42,latex outfit smile say hi super sex,1.741750120187863
42,say hi super sex old man say,1.741750120187863
42,man say soup,1.741750120187863
43,engineer exceptional gift fix thing mechanical serve,-0.8343764555838971
43,fix thing mechanical serve company loyally 30,-0.8343764555838971
43,serve company loyally 30 year happily retire,-0.8343764555838971
43,30 year happily retire year later company,-0.8343764555838971
43,retire year later company contact seemingly impossible,-0.8343764555838971
43,company contact seemingly impossible problem have multimillion,-0.8343764555838971
43,impossible problem have multimillion dollar machine try,-0.8343764555838971
43,multimillion dollar machine try machine fix avail,-0.8343764555838971
43,try machine fix avail desperation call retire,-0.8343764555838971
43,avail desperation call retire engineer solve problem,-0.8343764555838971
43,retire engineer solve problem past engineer reluctantly,-0.8343764555838971
43,problem past engineer reluctantly take challenge spend,-0.8343764555838971
43,reluctantly take challenge spend day study huge,-0.8343764555838971
43,spend day study huge machine end day,-0.8343764555838971
43,huge machine end day mark small x,-0.8343764555838971
43,day mark small x chalk particular component,-0.8343764555838971
43,x chalk particular component machine proudly state,-0.8343764555838971
43,component machine proudly state problem replace machine,-0.8343764555838971
43,state problem replace machine work perfectly company,-0.8343764555838971
43,machine work perfectly company receive bill 50000,-0.8343764555838971
43,company receive bill 50000 engineer service demand,-0.8343764555838971
43,50000 engineer service demand itemized accounting charge,-0.8343764555838971
43,demand itemized accounting charge engineer respond briefly,-0.8343764555838971
43,charge engineer respond briefly chalk mark 1,-0.8343764555838971
43,briefly chalk mark 1 knowing 49999 pay,-0.8343764555838971
43,1 knowing 49999 pay engineer retire peace,-0.8343764555838971
43,engineer retire peace,-0.8343764555838971
44,graduate science degree ask work graduate engineering,-1.998305598478545
44,ask work graduate engineering degree ask work,-1.998305598478545
44,engineering degree ask work graduate accounting degree,-1.998305598478545
44,work graduate accounting degree ask cost graduate,-1.998305598478545
44,degree ask cost graduate liberal arts degree,-1.998305598478545
44,graduate liberal arts degree ask want fry,-1.998305598478545
44,ask want fry,-1.998305598478545
45,engineering student gather discuss possible designer human,1.0354731599335918
45,discuss possible designer human body say mechanical,1.0354731599335918
45,human body say mechanical engineer look joint,1.0354731599335918
45,mechanical engineer look joint say electrical engineer,1.0354731599335918
45,joint say electrical engineer nervous system thousand,1.0354731599335918
45,engineer nervous system thousand electrical connection say,1.0354731599335918
45,thousand electrical connection say actually civil engineer,1.0354731599335918
45,say actually civil engineer run toxic waste,1.0354731599335918
45,engineer run toxic waste pipeline recreational area,1.0354731599335918
45,pipeline recreational area,1.0354731599335918
46,question o j simpsons internet address answer,1.274539311161471
46,simpsons internet address answer slash slash backslash,1.274539311161471
46,answer slash slash backslash slash slash escape,1.274539311161471
46,slash slash escape,1.274539311161471
47,guy go confession say priest father 80,1.3379652976059742
47,say priest father 80 year old widower,1.3379652976059742
47,80 year old widower 11 grandchild night,1.3379652976059742
47,widower 11 grandchild night meet beautiful flight,1.3379652976059742
47,night meet beautiful flight attendant take home,1.3379652976059742
47,flight attendant take home love twice priest,1.3379652976059742
47,home love twice priest say son time,1.3379652976059742
47,priest say son time confession father jewish,1.3379652976059742
47,time confession father jewish telling tell everybody,1.3379652976059742
47,telling tell everybody,1.3379652976059742
48,hear clinton announce new national bird spread,1.774179683872286
48,bird spread eagle,1.774179683872286
49,question monica lewinsky bob dole common answer,2.515416611668427
49,bob dole common answer upset bill finish,2.515416611668427
49,upset bill finish,2.515416611668427
50,sunday morning william burst living room say,3.3625929395733083
50,burst living room say dad mom great,3.3625929395733083
50,say dad mom great news get marry,3.3625929395733083
50,great news get marry beautiful girl town,3.3625929395733083
50,marry beautiful girl town life block away,3.3625929395733083
50,town life block away susan dinner williams,3.3625929395733083
50,away susan dinner williams dad take aside,3.3625929395733083
50,williams dad take aside son talk mother,3.3625929395733083
50,aside son talk mother marry 30 year,3.3625929395733083
50,mother marry 30 year wonderful wife offer,3.3625929395733083
50,year wonderful wife offer excitement bedroom fool,3.3625929395733083
50,offer excitement bedroom fool woman lot susan,3.3625929395733083
50,fool woman lot susan actually halfsister afraid,3.3625929395733083
50,susan actually halfsister afraid marry william heartbroken,3.3625929395733083
50,afraid marry william heartbroken month eventually start,3.3625929395733083
50,heartbroken month eventually start date girl year,3.3625929395733083
50,start date girl year later come home,3.3625929395733083
50,year later come home proudly announce dianne,3.3625929395733083
50,home proudly announce dianne say yes get,3.3625929395733083
50,dianne say yes get marry june father,3.3625929395733083
50,get marry june father insist private conversation,3.3625929395733083
50,father insist private conversation break sad news,3.3625929395733083
50,conversation break sad news dianne halfsister william,3.3625929395733083
50,news dianne halfsister william awfully sorry william,3.3625929395733083
50,william awfully sorry william furious finally decide,3.3625929395733083
50,william furious finally decide mother news dad,3.3625929395733083
50,decide mother news dad harm guess going,3.3625929395733083
50,dad harm guess going marry complain time,3.3625929395733083
50,going marry complain time fall love dad,3.3625929395733083
50,time fall love dad tell girl halfsister,3.3625929395733083
50,dad tell girl halfsister mother shake head,3.3625929395733083
50,halfsister mother shake head pay attention say,3.3625929395733083
50,say dear father,3.3625929395733083
51,pope die naturally go heaven meet reception,-0.8169128959569013
51,go heaven meet reception committee whirlwind tour,-0.8169128959569013
51,reception committee whirlwind tour tell enjoy myriad,-0.8169128959569013
51,tour tell enjoy myriad recreation available decide,-0.8169128959569013
51,myriad recreation available decide wants read ancient,-0.8169128959569013
51,decide wants read ancient original text holy,-0.8169128959569013
51,ancient original text holy scriptures spend eon,-0.8169128959569013
51,holy scriptures spend eon learning language linguistic,-0.8169128959569013
51,eon learning language linguistic master sit library,-0.8169128959569013
51,linguistic master sit library begin pour version,-0.8169128959569013
51,library begin pour version bible work recent,-0.8169128959569013
51,version bible work recent easy reading original,-0.8169128959569013
51,recent easy reading original script sudden scream,-0.8169128959569013
51,original script sudden scream library angels come,-0.8169128959569013
51,scream library angels come run find pope,-0.8169128959569013
51,come run find pope huddle chair cry,-0.8169128959569013
51,pope huddle chair cry mutter r scribe,-0.8169128959569013
51,cry mutter r scribe leave r particularly,-0.8169128959569013
51,scribe leave r particularly concern angel take,-0.8169128959569013
51,particularly concern angel take aside offer comfort,-0.8169128959569013
51,take aside offer comfort ask problem mean,-0.8169128959569013
51,comfort ask problem mean collect wit pope,-0.8169128959569013
51,mean collect wit pope sobs letter r,-0.8169128959569013
51,pope sobs letter r leave r word,-0.8169128959569013
51,word suppose celebrate,-0.8169128959569013
52,woman twin give adoption go family egypt,-0.2011183370962992
52,adoption go family egypt name amal go,-0.2011183370962992
52,egypt name amal go family spain juan,-0.2011183370962992
52,go family spain juan years later juan,-0.2011183370962992
52,juan years later juan send picture mom,-0.2011183370962992
52,juan send picture mom receive picture tell,-0.2011183370962992
52,mom receive picture tell husband wish picture,-0.2011183370962992
52,tell husband wish picture amal husband respond,-0.2011183370962992
52,picture amal husband respond twinsif see juan,-0.2011183370962992
52,juan see amal,-0.2011183370962992
53,man cindy crawford strand desert island couple,2.550239160255263
53,strand desert island couple day fall love,2.550239160255263
53,couple day fall love start sleep time,2.550239160255263
53,love start sleep time pass man frustrate,2.550239160255263
53,time pass man frustrate cindy ask say,2.550239160255263
53,frustrate cindy ask say thing baseball cap,2.550239160255263
53,say thing baseball cap island answer bob,2.550239160255263
53,cap island answer bob agree day walk,2.550239160255263
53,bob agree day walk island run say,2.550239160255263
53,walk island run say hi bob say,2.550239160255263
53,say hi bob say hello reply bob,2.550239160255263
53,say hello reply bob believe sleep cindy,2.550239160255263
53,bob believe sleep cindy crawford past week,2.550239160255263
53,crawford past week,2.550239160255263
54,phone book phone,2.4057795190489064
55,teddybear change lightbulb take teddybear take lot,0.3824500161038575
55,take lot lightbulb,0.3824500161038575
56,chukcha russian eskimo phone russian parliament building,1.6860315217790178
56,phone russian parliament building guard answer chukcha,1.6860315217790178
56,building guard answer chukcha require parliament member,1.6860315217790178
56,chukcha require parliament member guard idiot chukcha,1.6860315217790178
56,idiot chukcha require,1.6860315217790178
57,bill hillary trip arkansas gas bill pull,-1.9408095353339785
57,arkansas gas bill pull service station outskirt,-1.9408095353339785
57,pull service station outskirt town attendant run,-1.9408095353339785
57,outskirt town attendant run station serve hillary,-1.9408095353339785
57,run station serve hillary realize old boyfriend,-1.9408095353339785
57,hillary realize old boyfriend high school attendant,-1.9408095353339785
57,boyfriend high school attendant chat gas car,-1.9408095353339785
57,attendant chat gas car clean window goodbye,-1.9408095353339785
57,car clean window goodbye bill pull car,-1.9408095353339785
57,goodbye bill pull car road turn hillary,-1.9408095353339785
57,car road turn hillary say glad marry,-1.9408095353339785
57,hillary say glad marry wife grease monkey,-1.9408095353339785
57,marry wife grease monkey hillary reply bill,-1.9408095353339785
57,monkey hillary reply bill marry pump gas,-1.9408095353339785
57,pump gas president,-1.9408095353339785
58,hot dog vendor,-3.7045409911996297
59,recent publicity outing hillary sneak visit fortune,-0.5218044647660032
59,hillary sneak visit fortune teller local repute,-0.5218044647660032
59,fortune teller local repute dark hazy room,-0.5218044647660032
59,repute dark hazy room peer crystal ball,-0.5218044647660032
59,room peer crystal ball mystic deliver grave,-0.5218044647660032
59,ball mystic deliver grave news easy way,-0.5218044647660032
59,grave news easy way blunt prepare widow,-0.5218044647660032
59,way blunt prepare widow husband die violent,-0.5218044647660032
59,widow husband die violent horrible death year,-0.5218044647660032
59,violent horrible death year visibly shake hillary,-0.5218044647660032
59,year visibly shake hillary stare woman line,-0.5218044647660032
59,hillary stare woman line face single flickering,-0.5218044647660032
59,line face single flickering candle hand take,-0.5218044647660032
59,flickering candle hand take deep breath compose,-0.5218044647660032
59,take deep breath compose simply know meet,-0.5218044647660032
59,compose simply know meet fortune teller gaze,-0.5218044647660032
59,meet fortune teller gaze steadied voice ask,-0.5218044647660032
59,ask question acquit,-0.5218044647660032
60,group manager give assignment measure height flagpole,-0.4068151374897904
60,assignment measure height flagpole flagpole ladder tape,-0.4068151374897904
60,flagpole flagpole ladder tape measure fall ladder,-0.4068151374897904
60,tape measure fall ladder drop tape measure,-0.4068151374897904
60,ladder drop tape measure thing mess engineer,-0.4068151374897904
60,measure thing mess engineer comes see try,-0.4068151374897904
60,engineer comes see try walk pull flagpole,-0.4068151374897904
60,try walk pull flagpole ground lay flat,-0.4068151374897904
60,flagpole ground lay flat measure end end,-0.4068151374897904
60,flat measure end end give measurement manager,-0.4068151374897904
60,end give measurement manager walk away engineer,-0.4068151374897904
60,manager walk away engineer go manager turn,-0.4068151374897904
60,engineer go manager turn laugh like engineer,-0.4068151374897904
60,turn laugh like engineer look height give,-0.4068151374897904
60,height give length,-0.4068151374897904
61,engineer physicist mathematician sleeping room fire room,2.090819159826865
61,sleeping room fire room engineer wake see,2.090819159826865
61,room engineer wake see fire pick bucket,2.090819159826865
61,see fire pick bucket water douse fire,2.090819159826865
61,bucket water douse fire go sleep fire,2.090819159826865
61,fire go sleep fire room time physicist,2.090819159826865
61,fire room time physicist wakes notice bucket,2.090819159826865
61,physicist wakes notice bucket fill water calculate,2.090819159826865
61,bucket fill water calculate optimal trajectory douse,2.090819159826865
61,calculate optimal trajectory douse fire minimum water,2.090819159826865
61,douse fire minimum water go sleep fire,2.090819159826865
61,water go sleep fire time mathematician wake,2.090819159826865
61,fire time mathematician wake look fire look,2.090819159826865
61,wake look fire look bucket water exclaim,2.090819159826865
61,look bucket water exclaim solution exist go,2.090819159826865
61,exist go sleep,2.090819159826865
62,rally cry international dyslexic pride movement dyslexics,2.6762632522729426
62,movement dyslexics untie,2.6762632522729426
63,redneck seat end bar young lady seat,0.2556052041711334
63,bar young lady seat stool begin choke,0.2556052041711334
63,seat stool begin choke piece hamburger turn,0.2556052041711334
63,choke piece hamburger turn blue obviously respiratory,0.2556052041711334
63,turn blue obviously respiratory distress say gal,0.2556052041711334
63,respiratory distress say gal have bad time,0.2556052041711334
63,gal have bad time agree say think,0.2556052041711334
63,time agree say think help bet say,0.2556052041711334
63,think help bet say firstand ran say,0.2556052041711334
63,say firstand ran say breathe shook head,0.2556052041711334
63,say breathe shook head say speak shake,0.2556052041711334
63,head say speak shake head pull skirt,0.2556052041711334
63,shake head pull skirt licked butt shock,0.2556052041711334
63,skirt licked butt shock coughed obstruction begin,0.2556052041711334
63,shock coughed obstruction begin breathewith great relief,0.2556052041711334
63,begin breathewith great relief redneck walk friend,0.2556052041711334
63,relief redneck walk friend say funny hind,0.2556052041711334
63,friend say funny hind lick maneuver work,0.2556052041711334
63,lick maneuver work,0.2556052041711334
64,lawyer open door bmw suddenly car came,-0.716813562169275
64,bmw suddenly car came hit door rip,-0.716813562169275
64,came hit door rip completely police arrive,-0.716813562169275
64,rip completely police arrive scene lawyer complain,-0.716813562169275
64,arrive scene lawyer complain bitterly damage precious,-0.716813562169275
64,complain bitterly damage precious bmw officer look,-0.716813562169275
64,precious bmw officer look beeeeemer whine lawyer,-0.716813562169275
64,look beeeeemer whine lawyer materialistic sick retort,-0.716813562169275
64,lawyer materialistic sick retort officer worry stupid,-0.716813562169275
64,retort officer worry stupid bmw notice leave,-0.716813562169275
64,stupid bmw notice leave arm rip oh,-0.716813562169275
64,leave arm rip oh gaaaad reply lawyer,-0.716813562169275
64,oh gaaaad reply lawyer finally notice bloody,-0.716813562169275
64,lawyer finally notice bloody left shoulder arm,-0.716813562169275
64,shoulder arm rolex,-0.716813562169275
65,time broom fall love decide married ceremony,1.990444327926526
65,love decide married ceremony bride broom informed,1.990444327926526
65,ceremony bride broom informed groom broom expect,1.990444327926526
65,informed groom broom expect little whiskbroom groom,1.990444327926526
65,expect little whiskbroom groom broom aghast possible,1.990444327926526
65,possible ask sweep,1.990444327926526
66,man pilot hot air balloon discover wander,2.443099103865613
66,air balloon discover wander course hopelessly lose,2.443099103865613
66,wander course hopelessly lose descend low altitude,2.443099103865613
66,lose descend low altitude locate man ground,2.443099103865613
66,altitude locate man ground lower balloon shout,2.443099103865613
66,ground lower balloon shout excuse tell man,2.443099103865613
66,shout excuse tell man say yes hot,2.443099103865613
66,man say yes hot air balloon 30,2.443099103865613
66,hot air balloon 30 foot field work,2.443099103865613
66,30 foot field work information technology say,2.443099103865613
66,work information technology say balloonist yes reply,2.443099103865613
66,say balloonist yes reply man know say,2.443099103865613
66,reply man know say balloonist tell technically,2.443099103865613
66,say balloonist tell technically correct use man,2.443099103865613
66,technically correct use man say work management,2.443099103865613
66,man say work management reply balloonist know,2.443099103865613
66,management reply balloonist know say man know,2.443099103865613
66,know say man know going expect immediate,2.443099103865613
66,know going expect immediate help position meet,2.443099103865613
66,position meet fault,2.443099103865613
67,guy wife ask honey die remarry reply,-0.9082790581855408
67,honey die remarry reply considerable period grieve,-0.9082790581855408
67,reply considerable period grieve need companionship guess,-0.9082790581855408
67,grieve need companionship guess ask die remarried,-0.9082790581855408
67,guess ask die remarried live house reply,-0.9082790581855408
67,remarried live house reply spend lot time,-0.9082790581855408
67,reply spend lot time money get house,-0.9082790581855408
67,time money get house way want go,-0.9082790581855408
67,house way want go rid house guess,-0.9082790581855408
67,go rid house guess die remarry live,-0.9082790581855408
67,guess die remarry live house sleep bed,-0.9082790581855408
67,live house sleep bed say bed brand,-0.9082790581855408
67,bed say bed brand new pay thousand,-0.9082790581855408
67,brand new pay thousand dollar go long,-0.9082790581855408
67,thousand dollar go long time guess ask,-0.9082790581855408
67,long time guess ask die remarry live,-0.9082790581855408
67,ask die remarry live house sleep bed,-0.9082790581855408
67,live house sleep bed use golf club,-0.9082790581855408
67,bed use golf club oh leave handed,-0.9082790581855408
67,oh leave handed,-0.9082790581855408
68,light bulb funny,2.411570557822231
69,employer applicant job need responsible applicant want,2.279410667909702
69,need responsible applicant want job time go,2.279410667909702
69,want job time go wrong say responsible,2.279410667909702
69,wrong say responsible,2.279410667909702
70,recent sacramento pc users group meeting company,0.524716604544908
70,users group meeting company demonstrate late speech,0.524716604544908
70,company demonstrate late speech recognition software representative,0.524716604544908
70,speech recognition software representative company ready start,0.524716604544908
70,representative company ready start demonstration ask room,0.524716604544908
70,start demonstration ask room quiet room yell,0.524716604544908
70,room quiet room yell format c return,0.524716604544908
70,yell format c return chime yes return,0.524716604544908
70,return chime yes return unfortunately software work,0.524716604544908
70,unfortunately software work,0.524716604544908
71,day college dean address student point rule,-0.9828413942177788
71,address student point rule female dormitory outofbound,-0.9828413942177788
71,rule female dormitory outofbound male student male,-0.9828413942177788
71,outofbound male student male dormitory female student,-0.9828413942177788
71,male dormitory female student anybody catch break,-0.9828413942177788
71,student anybody catch break rule find 20,-0.9828413942177788
71,break rule find 20 time continue anybody,-0.9828413942177788
71,20 time continue anybody catch break rule,-0.9828413942177788
71,anybody catch break rule second time fine,-0.9828413942177788
71,rule second time fine 60 catch time,-0.9828413942177788
71,fine 60 catch time cost fine 180,-0.9828413942177788
71,time cost fine 180 question point male,-0.9828413942177788
71,180 question point male student crowd inquire,-0.9828413942177788
71,inquire season pass,-0.9828413942177788
72,question difference george washington richard nixon bill,2.6324214466469846
72,washington richard nixon bill clinton answer washington,2.6324214466469846
72,bill clinton answer washington tell lie nixon,2.6324214466469846
72,washington tell lie nixon tell truth clinton,2.6324214466469846
72,clinton know difference,2.6324214466469846
73,question stalker change light bulb answer replace,0.9674685568109146
73,light bulb answer replace bulb watch day,0.9674685568109146
73,watch day night,0.9674685568109146
74,question know difference intelligent male sasquatch answer,-1.5582390664423886
74,intelligent male sasquatch answer actual report sighting,-1.5582390664423886
74,report sighting sasquatch,-1.5582390664423886
75,man woman get terrible car wreck vehicle,-0.4471430821737989
75,terrible car wreck vehicle completely destroy buy,-0.4471430821737989
75,vehicle completely destroy buy fortunately hurt thankfulness,-0.4471430821737989
75,buy fortunately hurt thankfulness woman say man,-0.4471430821737989
75,thankfulness woman say man okay celebrate bottle,-0.4471430821737989
75,man okay celebrate bottle wine car let,-0.4471430821737989
75,bottle wine car let open woman get,-0.4471430821737989
75,let open woman get bottleout car handed,-0.4471430821737989
75,get bottleout car handed man man take,-0.4471430821737989
75,handed man man take big drink handed,-0.4471430821737989
75,take big drink handed woman bottle woman,-0.4471430821737989
75,handed woman bottle woman close bottle man,-0.4471430821737989
75,woman close bottle man ask go drink,-0.4471430821737989
75,man ask go drink woman cleverly reply,-0.4471430821737989
75,drink woman cleverly reply think wait cop,-0.4471430821737989
75,think wait cop,-0.4471430821737989
76,congress opposite progress,2.34440755846972
77,mafia answer organize,0.6437949243783646
78,question wonder irs call form 1040 answer,1.656368502316006
78,call form 1040 answer 50 earn 10,1.656368502316006
78,earn 10 40,1.656368502316006
79,question hear dyslexic devil worshiper answer sell,-0.144977832135759
79,sell soul santa,-0.144977832135759
80,hillary bill clinton pope sit airplane bill,1.0265016924812802
80,pope sit airplane bill say throw thousand,1.0265016924812802
80,bill say throw thousand dollar bill plane,1.0265016924812802
80,thousand dollar bill plane person happy hillary,1.0265016924812802
80,plane person happy hillary say throw 10,1.0265016924812802
80,hillary say throw 10 dollar bill plane,1.0265016924812802
80,10 dollar bill plane 10 people happy,1.0265016924812802
80,plane 10 people happy pope chip say,1.0265016924812802
80,happy pope chip say throw bill airplane,1.0265016924812802
80,airplane country happy,1.0265016924812802
81,asian man go new york citybank exchange,1.7482284967845654
81,new york citybank exchange 10000 yen american,1.7482284967845654
81,exchange 10000 yen american currency teller give,1.7482284967845654
81,american currency teller give 72 00 month,1.7482284967845654
81,give 72 00 month asian man go,1.7482284967845654
81,month asian man go bank 10000 yen,1.7482284967845654
81,go bank 10000 yen receive 62 00,1.7482284967845654
81,yen receive 62 00 ask come 62,1.7482284967845654
81,00 ask come 62 00 teller say,1.7482284967845654
81,62 00 teller say fluctuations fluctuations asian,1.7482284967845654
81,say fluctuations fluctuations asian man look teller,1.7482284967845654
81,asian man look teller say fluk amelicans,1.7482284967845654
81,say fluk amelicans,1.7482284967845654
82,question computer programmer shower day long answer,0.6248744558064188
82,shower day long answer shampoo label say,0.6248744558064188
82,answer shampoo label say rinse lather repeat,0.6248744558064188
82,rinse lather repeat,0.6248744558064188
83,woman say place mess cmon need clean,1.9689874739039663
83,mess cmon need clean stuff lie floor,1.9689874739039663
83,clean stuff lie floor clothe wear laundry,1.9689874739039663
83,floor clothe wear laundry right man hear,1.9689874739039663
83,laundry right man hear blah blah blah,1.9689874739039663
83,hear blah blah blah blah cmon blah,1.9689874739039663
83,blah blah cmon blah blah blah blah,1.9689874739039663
83,blah blah blah blah blah blah blah,1.9689874739039663
83,blah blah blah blah blah floor blah,1.9689874739039663
83,blah blah floor blah blah blah blah,1.9689874739039663
83,blah blah blah blah clothe blah blah,1.9689874739039663
83,blah clothe blah blah blah blah right,1.9689874739039663
83,blah blah right,1.9689874739039663
84,question difference mechanical engineers civil engineers answer,0.5243341958598727
84,engineers civil engineers answer mechanical engineers build,0.5243341958598727
84,answer mechanical engineers build weapon civil engineers,0.5243341958598727
84,engineers build target,0.5243341958598727
85,question president screw light bulb answer depend,0.6312271655863287
85,light bulb answer depend definition screw light,0.6312271655863287
85,screw light bulb,0.6312271655863287
86,neutron walk bar order drink owe neutron,0.2703050797975866
86,order drink owe neutron ask bartender reply,0.2703050797975866
86,bartender reply charge,0.2703050797975866
87,man recently complete routine physical examination receive,1.851524922348765
87,routine physical examination receive phone doctor doctor,1.851524922348765
87,receive phone doctor doctor say good news,1.851524922348765
87,doctor say good news bad news man,1.851524922348765
87,news bad news man say ok good,1.851524922348765
87,man say ok good news doctor say,1.851524922348765
87,good news doctor say good news 24,1.851524922348765
87,say good news 24 hour live man,1.851524922348765
87,24 hour live man reply shit good,1.851524922348765
87,man reply shit good news bad news,1.851524922348765
87,good news bad news doctor say bad,1.851524922348765
87,news doctor say bad news forgot yesterday,1.851524922348765
87,news forgot yesterday,1.851524922348765
88,czechoslovakian man feel eyesight grow steadily worse,1.9654779589080735
88,eyesight grow steadily worse feel time optometrist,1.9654779589080735
88,worse feel time optometrist doctor start simple,1.9654779589080735
88,optometrist doctor start simple testing show standard,1.9654779589080735
88,simple testing show standard eye chart letter,1.9654779589080735
88,standard eye chart letter diminish size crkbnwxskzy,1.9654779589080735
88,letter diminish size crkbnwxskzy read doctor ask,1.9654779589080735
88,crkbnwxskzy read doctor ask read czech answer,1.9654779589080735
88,answer doc know,1.9654779589080735
89,radio conversation naval ship canadian authority americans,3.3480262192437515
89,ship canadian authority americans divert course 15,3.3480262192437515
89,americans divert course 15 degree north avoid,3.3480262192437515
89,15 degree north avoid collision canadians recommend,3.3480262192437515
89,avoid collision canadians recommend divert course 15,3.3480262192437515
89,recommend divert course 15 degree south avoid,3.3480262192437515
89,15 degree south avoid collision americans captain,3.3480262192437515
89,avoid collision americans captain navy ship divert,3.3480262192437515
89,captain navy ship divert course canadians divert,3.3480262192437515
89,divert course canadians divert course americans aircraft,3.3480262192437515
89,divert course americans aircraft carrier uss lincoln,3.3480262192437515
89,aircraft carrier uss lincoln second large ship,3.3480262192437515
89,lincoln second large ship united states atlantic,3.3480262192437515
89,ship united states atlantic fleet accompany destroyer,3.3480262192437515
89,atlantic fleet accompany destroyer cruiser numerous support,3.3480262192437515
89,destroyer cruiser numerous support vessel demand change,3.3480262192437515
89,support vessel demand change course 15 degree,3.3480262192437515
89,change course 15 degree north degrees north,3.3480262192437515
89,degree north degrees north countermeasure undertake ensure,3.3480262192437515
89,north countermeasure undertake ensure safety ship canadians,3.3480262192437515
89,ship canadians lighthouse,3.3480262192437515
90,country guy go city bar dress code,0.3693819553899795
90,city bar dress code maitre d demand,0.3693819553899795
90,code maitre d demand wear tie discourage,0.3693819553899795
90,demand wear tie discourage guy go car,0.3693819553899795
90,discourage guy go car sulk inspiration strike,0.3693819553899795
90,car sulk inspiration strike get jumper cable,0.3693819553899795
90,strike get jumper cable trunk wrap neck,0.3693819553899795
90,cable trunk wrap neck sort like string,0.3693819553899795
90,neck sort like string tie bulky string,0.3693819553899795
90,string tie bulky string tie sure return,0.3693819553899795
90,string tie sure return bar maitre d,0.3693819553899795
90,return bar maitre d reluctant say guy,0.3693819553899795
90,d reluctant say guy okay pretty resourceful,0.3693819553899795
90,guy okay pretty resourceful fellow come start,0.3693819553899795
90,fellow come start,0.3693819553899795
91,question programmer change lightbulb answer hardware problem,1.907075570841693
91,answer hardware problem,1.907075570841693
92,panda bear walk bar sit table order,1.1217818421796928
92,bar sit table order beer double cheeseburger,1.1217818421796928
92,order beer double cheeseburger finish eat pull,1.1217818421796928
92,cheeseburger finish eat pull gun rip place,1.1217818421796928
92,pull gun rip place gunfire patrons scatter,1.1217818421796928
92,place gunfire patrons scatter dive chair table,1.1217818421796928
92,scatter dive chair table bear run door,1.1217818421796928
92,table bear run door ensure hurt bartender,1.1217818421796928
92,door ensure hurt bartender race door call,1.1217818421796928
92,bartender race door call bear hell bear,1.1217818421796928
92,call bear hell bear call panda bear,1.1217818421796928
92,bear call panda bear look dictionary bartender,1.1217818421796928
92,bear look dictionary bartender return pull dictionary,1.1217818421796928
92,bartender return pull dictionary panda panda n,1.1217818421796928
92,dictionary panda panda n zool small asiatic,1.1217818421796928
92,n zool small asiatic mammal ailurus fulgen,1.1217818421796928
92,asiatic mammal ailurus fulgen have fine soft,1.1217818421796928
92,fulgen have fine soft fur relate bear,1.1217818421796928
92,soft fur relate bear inhabit mountain northern,1.1217818421796928
92,bear inhabit mountain northern india eat shoot,1.1217818421796928
92,eat shoot leave,1.1217818421796928
93,early morning mother go sleep son wake,2.250617967078955
93,go sleep son wake wake son time,2.250617967078955
93,wake wake son time school mama want,2.250617967078955
93,time school mama want school reason want,2.250617967078955
93,want school reason want school child hate,2.250617967078955
93,want school child hate teacher hate oh,2.250617967078955
93,hate teacher hate oh reason come school,2.250617967078955
93,oh reason come school good reason school,2.250617967078955
93,school good reason school fiftytwo year old,2.250617967078955
93,old principal school,2.250617967078955
94,reach end job interview human resource person,1.0829639317180615
94,interview human resource person ask young engineer,1.0829639317180615
94,person ask young engineer fresh stanford start,1.0829639317180615
94,engineer fresh stanford start salary look engineer,1.0829639317180615
94,start salary look engineer say neighborhood 125000,1.0829639317180615
94,engineer say neighborhood 125000 year depend benefit,1.0829639317180615
94,125000 year depend benefit package interviewer say,1.0829639317180615
94,benefit package interviewer say package 5weeks vacation,1.0829639317180615
94,say package 5weeks vacation 14 pay holiday,1.0829639317180615
94,vacation 14 pay holiday medical dental company,1.0829639317180615
94,holiday medical dental company match retirement fund,1.0829639317180615
94,company match retirement fund 50 salary company,1.0829639317180615
94,fund 50 salary company car lease 2,1.0829639317180615
94,company car lease 2 year red corvette,1.0829639317180615
94,2 year red corvette engineer sit straight,1.0829639317180615
94,corvette engineer sit straight say wow kidding,1.0829639317180615
94,straight say wow kidding interviewer reply yeah,1.0829639317180615
94,reply yeah start,1.0829639317180615
95,atom walk street atom say oh lose,1.0349811286435362
95,atom say oh lose electron second atom,1.0349811286435362
95,lose electron second atom saysare sure reply,1.0349811286435362
95,sure reply positive,1.0349811286435362
96,think criticize walk mile shoe criticize mile,1.3730266660650634
96,mile away shoe,1.3730266660650634
97,attorney go diner order drink produce sandwich,1.4891062245078914
97,order drink produce sandwich briefcase start eat,1.4891062245078914
97,sandwich briefcase start eat owner concern march,1.4891062245078914
97,eat owner concern march tell eat sandwich,1.4891062245078914
97,march tell eat sandwich attorney look shrugged,1.4891062245078914
97,sandwich attorney look shrugged shoulder exchange sandwich,1.4891062245078914
97,shoulder exchange sandwich,1.4891062245078914
98,teacher explain class different language use negative,0.8698643649815045
98,different language use negative differently say language,0.8698643649815045
98,negative differently say language positive follow negative,0.8698643649815045
98,language positive follow negative negative follow positive,0.8698643649815045
98,negative negative follow positive make negative language,0.8698643649815045
98,positive make negative language negative positive negative,0.8698643649815045
98,language negative positive negative language positive negative,0.8698643649815045
98,negative language positive negative student put hand,0.8698643649815045
98,negative student put hand say yeah right,0.8698643649815045
98,say yeah right,0.8698643649815045
99,age womanhood 1 age 13 18 like,-0.0361889770570985
99,age 13 18 like africa virgin unexplore,-0.0361889770570985
99,like africa virgin unexplore 2 age 19,-0.0361889770570985
99,unexplore 2 age 19 35 like asia,-0.0361889770570985
99,19 35 like asia hot exotic 3,-0.0361889770570985
99,asia hot exotic 3 age 36 45,-0.0361889770570985
99,3 age 36 45 like america fully,-0.0361889770570985
99,45 like america fully explore breathtakingly beautifuland,-0.0361889770570985
99,fully explore breathtakingly beautifuland free resource 4,-0.0361889770570985
99,beautifuland free resource 4 age 46 56,-0.0361889770570985
99,4 age 46 56 like europe exhausted,-0.0361889770570985
99,56 like europe exhausted point interest 5,-0.0361889770570985
99,exhausted point interest 5 56 like australia,-0.0361889770570985
99,5 56 like australia everybody know give,-0.0361889770570985
99,know give damn,-0.0361889770570985
100,bus station bus stop train station train,1.1168123525187237
100,stop train station train stops desk work,1.1168123525187237
100,desk work station,1.1168123525187237
